"country","catch_mpa","catch_eez","nut_2"
"BRA",89536083159.7885,447202691101.699,"Calcium"
"VGB",0,9912301245.4845,"Calcium"
"CHL",3544510491.4159,768367826627.219,"Calcium"
"COL",6046462447.50336,20051546567.6466,"Calcium"
"CRI",4014890003.59042,13607335770.9407,"Calcium"
"DOM",17505364236.9272,43203186618.1405,"Calcium"
"ECU",8965533396.2439,147019417948.041,"Calcium"
"JAM",0,11567619408.2778,"Calcium"
"BES",1628688546.75797,1628688546.75797,"Calcium"
"PER",23228156809.4053,2049758702298.9,"Calcium"
"PAN",8010325360.34235,73332890466.3693,"Calcium"
"SUR",0,42050208385.9265,"Calcium"
"VEN",9456692488.61432,55386869575.0144,"Calcium"
"VIR",0,3651074799.17082,"Calcium"
"AUS",32390873152.9692,104857875139.859,"Calcium"
"CAN",48608912175.4615,649508398089.893,"Calcium"
"FRA",55299863907.5119,129920209724.68,"Calcium"
"IRN",0,374202086347.964,"Calcium"
"JPN",270738955813.178,2533559593731.82,"Calcium"
"KEN",0,17536684591.4698,"Calcium"
"KOR",42306757085.5012,1023865715781.59,"Calcium"
"MYS",151659035533.306,5178991993381.06,"Calcium"
"MRT",82167911156.4727,592504338746.634,"Calcium"
"MOZ",6113656904.45327,97457814512.0423,"Calcium"
"SJM",10113799353.8883,50404041229.1143,"Calcium"
"PHL",147716341379.465,1403224895339.83,"Calcium"
"POL",4710753463.25862,31845508898.7784,"Calcium"
"SAU",11926395288.9032,112095274253.221,"Calcium"
"SWE",14017618089.8084,59906329389.228,"Calcium"
"TUN",404046723.907213,53419460597.7562,"Calcium"
"USA",100882471298.477,1910814623258.61,"Calcium"
"CMR",0,65600461839.1809,"Calcium"
"IDN",475855062784.742,9534270050282.43,"Calcium"
"MUS",0,13489688881.534,"Calcium"
"PRT",10505068913.0993,51436120678.12,"Calcium"
"GBR",122074431638.268,436038353246.365,"Calcium"
"ISL",1975802128.90084,250476674658.88,"Calcium"
"NZL",6593428726.66615,124135295848.749,"Calcium"
"EST",1493187903.22123,20819841418.9032,"Calcium"
"GEO",0,107076990918.882,"Calcium"
"UKR",2395943958.9705,63492113732.7991,"Calcium"
"MEX",176050065638.938,1067534588157.41,"Calcium"
"FLK",0,262559744176.409,"Calcium"
"GRL",52823462.4246887,89851184009.8733,"Calcium"
"BHS",1128922354.39058,21557913528.303,"Calcium"
"GMB",0,50181174115.4954,"Calcium"
"MDG",7825315937.77984,185886151198.215,"Calcium"
"HRV",3439811230.03906,37791715736.9279,"Calcium"
"SEN",32388388433.3515,237295603962.778,"Calcium"
"FJI",5390808137.54984,24148915914.4548,"Calcium"
"NOR",7487891611.87675,404195324691.598,"Calcium"
"LKA",0,217001819989.926,"Calcium"
"ARG",19703193339.0607,295449761147.49,"Calcium"
"ZAF",17368575319.1434,240004145296.907,"Calcium"
"PNG",1166411514.86436,64057536882.3437,"Calcium"
"NCL",4846854346.33874,10862735416.6063,"Calcium"
"TON",0,5599205910.47935,"Calcium"
"PLW",11638924194.9845,12164676766.6449,"Calcium"
"COK",3111488502.13162,3111488502.13162,"Calcium"
"AGO",11961822252.1789,358753246360.906,"Calcium"
"ALB",0,3710757056.00005,"Calcium"
"SYC",11915307301.1009,22212348587.0134,"Calcium"
"NFK",0,200045384.140816,"Calcium"
"IRL",3020546307.02863,119335306984.455,"Calcium"
"ESP",42499579149.0836,152728923305.68,"Calcium"
"DNK",10249555524.2013,65275347281.158,"Calcium"
"ITA",16149534903.2888,97310717380.0013,"Calcium"
"PAK",0,1490013296101.19,"Calcium"
"THA",200495110750.905,2878891942740.28,"Calcium"
"FIN",14525887310.5099,58892270346.8562,"Calcium"
"VNM",167092188635.79,2214608724611.18,"Calcium"
"MMR",10409703255.7507,1302797039082.04,"Calcium"
"TWN",3627411496.18794,1263572784428.52,"Calcium"
"DEU",26831290801.8967,55288061254.8671,"Calcium"
"ROU",782691629.04508,2216276828.87317,"Calcium"
"CUW",0,607102993.91932,"Calcium"
"EGY",13340907830.654,107768585464.229,"Calcium"
"VUT",0,5341967986.20956,"Calcium"
"RUS",41530392965.4165,2771299766916.45,"Calcium"
"BGR",0,6548036163.01647,"Calcium"
"MAR",0,442130532370.354,"Calcium"
"MLT",653797740.138259,2244737679.87045,"Calcium"
"DMA",0,857875058.981233,"Calcium"
"LCA",0,1280664730.42273,"Calcium"
"OMN",500211889656.578,577187055761.911,"Calcium"
"BLZ",10660260.9497168,11604195300.8942,"Calcium"
"PRI",0,5090758684.86416,"Calcium"
"CUB",8014101925.69202,31418989253.2202,"Calcium"
"GTM",3733640188.08421,64474262931.802,"Calcium"
"NIC",8696219228.88636,156026113805.875,"Calcium"
"GRD",0,1081634244.64803,"Calcium"
"TTO",0,17504351025.0578,"Calcium"
"NLD",7425083868.74172,39058105338.3656,"Calcium"
"CYM",0,521170917.277012,"Calcium"
"WSM",0,9700414077.52413,"Calcium"
"TCA",0,14151174078.2443,"Calcium"
"PCN",33650326.0301131,33650326.0301131,"Calcium"
"GRC",3823826530.5193,33267859500.95,"Calcium"
"ISR",0,2726081407.11195,"Calcium"
"ABW",0,1403811362.99257,"Calcium"
"AIA",0,3002537736.21473,"Calcium"
"VCT",0,1402329361.9764,"Calcium"
"BRN",0,50503197008.2644,"Calcium"
"KWT",0,9174879853.05265,"Calcium"
"UMI",5695927729.13436,7181714182.51023,"Calcium"
"HND",4105159676.94513,13002829431.8729,"Calcium"
"GNQ",0,15404843603.6233,"Calcium"
"BMU",0,1626072297.83436,"Calcium"
"KNA",0,1059894167.71907,"Calcium"
"ATG",0,7935808126.50343,"Calcium"
"LTU",324694380.874193,6187784764.6004,"Calcium"
"TZA",21669463270.5669,106385119117.507,"Calcium"
"GNB",1533403354.96184,374335170106.902,"Calcium"
"NGA",0,306921503829.948,"Calcium"
"LVA",5620618675.78437,25896192928.6602,"Calcium"
"GUY",0,60671815143.4212,"Calcium"
"KAZ",0,0,"Calcium"
"CHN",36151757870.2306,3546664214023.86,"Calcium"
"BEL",539507099.89877,1532007448.53431,"Calcium"
"GIN",12961882159.4745,297776685223.52,"Calcium"
"KHM",0,1238537526831.99,"Calcium"
"GAB",20951817462.0029,57188326194.1788,"Calcium"
"REU",0,292781640.15639,"Calcium"
"GUF",0,12671047586.8461,"Calcium"
"MTQ",3852472048.49673,3852472048.49673,"Calcium"
"SHN",137673050.774901,345427600.152164,"Calcium"
"AZE",0,0,"Calcium"
"NAM",10777505065.9998,218757855352.148,"Calcium"
"TUR",0,150090605185.104,"Calcium"
"BRB",0,2991050850.15439,"Calcium"
"CCK",0,12007448.5033128,"Calcium"
"GLP",5615258399.29433,5615258399.29433,"Calcium"
"SLV",0,11447365353.1957,"Calcium"
"CPV",0,20086571060.7846,"Calcium"
"COG",10995574348.6854,33830072177.2359,"Calcium"
"MCO",0,0,"Calcium"
"HMD",11235784.5755317,408968336.496105,"Calcium"
"BGD",84337500550.3621,582431626065.94,"Calcium"
"BLM",1010332123.78266,1010332123.78266,"Calcium"
"TKM",0,0,"Calcium"
"SLB",0,61098594002.143,"Calcium"
"MAF",0,0,"Calcium"
"SVN",0,0,"Calcium"
"SLE",16662766467.4801,221235692496.16,"Calcium"
"MNP",7473371.51115462,572986944.049188,"Calcium"
"KIR",12517133116.7843,57421675288.1712,"Calcium"
"COM",0,2988639030.60864,"Calcium"
"GUM",75079.0098587635,72959990.9922662,"Calcium"
"JEY",0,0,"Calcium"
"SXM",0,0,"Calcium"
"ATF",974182017.830752,10336962868.0493,"Calcium"
"TLS",0,12173724700.5006,"Calcium"
"MYT",5084993997.88122,5084993997.88122,"Calcium"
"SPM",0,3790872309.17321,"Calcium"
"ASM",64035036.0662087,1087269589.7127,"Calcium"
"URY",404291026.055638,28711210670.3231,"Calcium"
"LBN",0,1011582800.80354,"Calcium"
"MHL",0,13480945806.7461,"Calcium"
"GGY",0,918174948.387013,"Calcium"
"DZA",0,75240421648.1169,"Calcium"
"STP",0,6215332651.38112,"Calcium"
"YEM",0,548135615815.617,"Calcium"
"COD",0,798090964.070138,"Calcium"
"CYP",183705131.667129,2990477396.55815,"Calcium"
"ARE",1335101351.50043,81130750659.4059,"Calcium"
"LBR",1166537011.75082,51598902075.4703,"Calcium"
"SGS",88070627750.3026,88070627928.0411,"Calcium"
"TUV",0,5859714178.22613,"Calcium"
"FRO",0,137104311850.629,"Calcium"
"DJI",0,10413907901.4189,"Calcium"
"MDV",0,23233816196.7056,"Calcium"
"SDN",375073436.2826,16276599677.8282,"Calcium"
"IMN",625398762.952187,1347898951.61205,"Calcium"
"HTI",0,10575669251.9202,"Calcium"
"QAT",0,17025856172.7412,"Calcium"
"ERI",2204354060.45323,46063341024.8112,"Calcium"
"MNE",0,1420987580.12777,"Calcium"
"BRA",880931828.857828,4419715342.40778,"DHA+EPA"
"VGB",0,16502812.4562025,"DHA+EPA"
"CHL",68917540.649411,22209632570.1185,"DHA+EPA"
"COL",54026077.9209224,239074979.209892,"DHA+EPA"
"CRI",22780964.4455949,100382531.479746,"DHA+EPA"
"DOM",57070468.2505283,154959570.55368,"DHA+EPA"
"ECU",237132726.563158,4693112190.78017,"DHA+EPA"
"JAM",0,113471009.891553,"DHA+EPA"
"BES",10315966.9602971,10315966.9602971,"DHA+EPA"
"PER",577619089.295543,52628742686.6489,"DHA+EPA"
"PAN",108345245.566097,938406222.731471,"DHA+EPA"
"SUR",0,183305280.590925,"DHA+EPA"
"VEN",229533424.908636,1137324205.22218,"DHA+EPA"
"VIR",0,7224280.45234562,"DHA+EPA"
"AUS",274745950.930685,1010685294.20233,"DHA+EPA"
"CAN",659750070.708186,9884115905.68888,"DHA+EPA"
"FRA",1364252687.6116,3341188272.03905,"DHA+EPA"
"IRN",0,1892790722.21702,"DHA+EPA"
"JPN",4444317816.73708,47800589060.9371,"DHA+EPA"
"KEN",0,90765312.3633763,"DHA+EPA"
"KOR",623532210.685137,20198726274.5915,"DHA+EPA"
"MYS",436668076.058953,18337447838.096,"DHA+EPA"
"MRT",2653266459.40014,15734714185.5082,"DHA+EPA"
"MOZ",70238058.4745936,1272631720.99912,"DHA+EPA"
"SJM",99688226.0570536,843293844.345663,"DHA+EPA"
"PHL",1047867506.72431,11717250789.0534,"DHA+EPA"
"POL",174322569.292144,1330823820.03428,"DHA+EPA"
"SAU",43602119.7556957,429594993.342516,"DHA+EPA"
"SWE",572508182.10771,2471323591.82213,"DHA+EPA"
"TUN",13108791.8583708,1789624196.05568,"DHA+EPA"
"USA",1110128182.80033,22757992265.9244,"DHA+EPA"
"CMR",0,1464368084.11032,"DHA+EPA"
"IDN",2440649656.47623,47798525112.2188,"DHA+EPA"
"MUS",0,74808033.9356364,"DHA+EPA"
"PRT",317211251.353918,1673043421.4679,"DHA+EPA"
"GBR",3973593235.89477,18190663514.0912,"DHA+EPA"
"ISL",87909546.7925253,5610809791.14829,"DHA+EPA"
"NZL",103185873.067147,2367546341.08892,"DHA+EPA"
"EST",55128313.7580864,873934765.483423,"DHA+EPA"
"GEO",0,3697211164.70635,"DHA+EPA"
"UKR",95097533.8961726,2111728943.05539,"DHA+EPA"
"MEX",2382062796.5339,13014622182.8491,"DHA+EPA"
"FLK",0,4315205043.86949,"DHA+EPA"
"GRL",6952812.05494017,1709308776.63485,"DHA+EPA"
"BHS",1786218.56831375,31349247.5387894,"DHA+EPA"
"GMB",0,757878085.179599,"DHA+EPA"
"MDG",23705189.5209406,575907462.254293,"DHA+EPA"
"HRV",103901297.377174,1079254116.50654,"DHA+EPA"
"SEN",503035806.455675,3804171898.82591,"DHA+EPA"
"FJI",29650865.8197214,182626640.38498,"DHA+EPA"
"NOR",576477255.864278,15858666049.9708,"DHA+EPA"
"LKA",0,2550358970.46776,"DHA+EPA"
"ARG",121845245.101341,2577605209.79959,"DHA+EPA"
"ZAF",377126922.607271,5279935595.01158,"DHA+EPA"
"PNG",6811868.26804218,1391030327.96579,"DHA+EPA"
"NCL",42936005.6899812,64198015.6688749,"DHA+EPA"
"TON",0,34819684.1751713,"DHA+EPA"
"PLW",397284710.058707,406733605.547601,"DHA+EPA"
"COK",66099237.6171825,66099237.6171825,"DHA+EPA"
"AGO",241139249.800246,5945682865.56809,"DHA+EPA"
"ALB",0,91896097.8482035,"DHA+EPA"
"SYC",29082993.7895844,66623202.7938956,"DHA+EPA"
"NFK",0,4228193.6453766,"DHA+EPA"
"IRL",66216888.4372927,3567855974.38941,"DHA+EPA"
"ESP",1609976973.55972,6368642075.31854,"DHA+EPA"
"DNK",311447454.70524,2016190789.22633,"DHA+EPA"
"ITA",579921293.213279,3514504581.87179,"DHA+EPA"
"PAK",0,4833017909.44546,"DHA+EPA"
"THA",702014271.589001,8915811107.27648,"DHA+EPA"
"FIN",530840522.128484,2109768828.14827,"DHA+EPA"
"VNM",955337667.030873,13083013779.7457,"DHA+EPA"
"MMR",75544572.9420926,8597879893.59212,"DHA+EPA"
"TWN",65463408.6567516,22005444359.0548,"DHA+EPA"
"DEU",788814586.491315,1517550894.20915,"DHA+EPA"
"ROU",11384848.8463566,45060260.7924119,"DHA+EPA"
"CUW",0,6073460.30832565,"DHA+EPA"
"EGY",65973501.9228528,1654392831.08872,"DHA+EPA"
"VUT",0,50329186.0568547,"DHA+EPA"
"RUS",720051400.882788,45516422372.8079,"DHA+EPA"
"BGR",0,127390676.155255,"DHA+EPA"
"MAR",0,11076686908.8634,"DHA+EPA"
"MLT",21503983.7633105,123115158.867887,"DHA+EPA"
"DMA",0,4112830.64296076,"DHA+EPA"
"LCA",0,4276646.83988703,"DHA+EPA"
"OMN",1280597000.28441,1604332801.36885,"DHA+EPA"
"BLZ",162754.37286943,16388409.1213239,"DHA+EPA"
"PRI",0,7907684.19911669,"DHA+EPA"
"CUB",20466412.5630061,94438142.5979303,"DHA+EPA"
"GTM",27634900.7647549,170052291.62181,"DHA+EPA"
"NIC",9064716.34108665,231465061.075899,"DHA+EPA"
"GRD",0,6699734.51967687,"DHA+EPA"
"TTO",0,127336230.557476,"DHA+EPA"
"NLD",217556554.462908,1255102511.39252,"DHA+EPA"
"CYM",0,363448.223189063,"DHA+EPA"
"WSM",0,35289371.8757563,"DHA+EPA"
"TCA",0,6775087.43345081,"DHA+EPA"
"PCN",1315548.96460467,1315548.96460467,"DHA+EPA"
"GRC",178624999.792389,1714483366.57609,"DHA+EPA"
"ISR",0,72253112.4297841,"DHA+EPA"
"ABW",0,10033237.1783823,"DHA+EPA"
"AIA",0,8771751.11203548,"DHA+EPA"
"VCT",0,4558664.42493155,"DHA+EPA"
"BRN",0,363289353.655435,"DHA+EPA"
"KWT",0,96658730.6091205,"DHA+EPA"
"UMI",90935617.6743493,165501076.295153,"DHA+EPA"
"HND",4699715.26200047,20663247.2687287,"DHA+EPA"
"GNQ",0,249920506.80074,"DHA+EPA"
"BMU",0,8016777.35111898,"DHA+EPA"
"KNA",0,11168358.9679144,"DHA+EPA"
"ATG",0,8354005.565028,"DHA+EPA"
"LTU",13208464.8423339,277354622.732192,"DHA+EPA"
"TZA",99881713.4518834,500081064.867097,"DHA+EPA"
"GNB",18351887.8585884,5426764710.44125,"DHA+EPA"
"NGA",0,3412986905.24305,"DHA+EPA"
"LVA",224946687.574285,1110176727.38208,"DHA+EPA"
"GUY",0,214805552.894756,"DHA+EPA"
"KAZ",0,0,"DHA+EPA"
"CHN",600394879.402555,55901882284.4564,"DHA+EPA"
"BEL",21060124.6507133,58511080.2562407,"DHA+EPA"
"GIN",230087049.266063,5089240677.5274,"DHA+EPA"
"KHM",0,3953113539.91666,"DHA+EPA"
"GAB",326597516.371533,932529688.131045,"DHA+EPA"
"REU",0,4436333.34130548,"DHA+EPA"
"GUF",0,42231441.7826811,"DHA+EPA"
"MTQ",34892319.6494785,34892319.6494785,"DHA+EPA"
"SHN",2523857.88021672,5375690.83550651,"DHA+EPA"
"AZE",0,0,"DHA+EPA"
"NAM",213462737.349807,4475139612.31296,"DHA+EPA"
"TUR",0,6690237286.37982,"DHA+EPA"
"BRB",0,30636038.3841878,"DHA+EPA"
"CCK",0,174365.438998932,"DHA+EPA"
"GLP",40090989.4472131,40090989.4472131,"DHA+EPA"
"SLV",0,105668303.71057,"DHA+EPA"
"CPV",0,378715152.854098,"DHA+EPA"
"COG",259608618.474051,667181467.71449,"DHA+EPA"
"MCO",0,0,"DHA+EPA"
"HMD",244669.866312665,16378376.6290802,"DHA+EPA"
"BGD",1381056426.00952,6722473776.12914,"DHA+EPA"
"BLM",1861734.53611669,1861734.53611669,"DHA+EPA"
"TKM",0,0,"DHA+EPA"
"SLB",0,337736853.460088,"DHA+EPA"
"MAF",0,0,"DHA+EPA"
"SVN",0,0,"DHA+EPA"
"SLE",245263375.007273,3220491402.37101,"DHA+EPA"
"MNP",133382.645811639,2350264.20469827,"DHA+EPA"
"KIR",732481352.12065,2637931636.69308,"DHA+EPA"
"COM",0,27998286.1080074,"DHA+EPA"
"GUM",1216.7766162593,524886.828380189,"DHA+EPA"
"JEY",0,0,"DHA+EPA"
"SXM",0,0,"DHA+EPA"
"ATF",35827894.8482024,438717881.350253,"DHA+EPA"
"TLS",0,48629226.5352579,"DHA+EPA"
"MYT",30102431.4797348,30102431.4797348,"DHA+EPA"
"SPM",0,35675939.8078751,"DHA+EPA"
"ASM",2134088.6290182,36073238.2678851,"DHA+EPA"
"URY",8365011.54739982,347126077.094034,"DHA+EPA"
"LBN",0,60458848.8459913,"DHA+EPA"
"MHL",0,505478353.107186,"DHA+EPA"
"GGY",0,9416550.61064924,"DHA+EPA"
"DZA",0,3427391411.55033,"DHA+EPA"
"STP",0,117066997.030165,"DHA+EPA"
"YEM",0,3558413814.3646,"DHA+EPA"
"COD",0,11527779.2399269,"DHA+EPA"
"CYP",20150673.3975088,440758788.258109,"DHA+EPA"
"ARE",11397064.5458502,493691625.266318,"DHA+EPA"
"LBR",13144770.0157466,631212946.096562,"DHA+EPA"
"SGS",198518827.951545,198518828.177924,"DHA+EPA"
"TUV",0,328047966.358011,"DHA+EPA"
"FRO",0,1462834280.22942,"DHA+EPA"
"DJI",0,62340220.0270651,"DHA+EPA"
"MDV",0,97123626.2151868,"DHA+EPA"
"SDN",654818.302177276,89245340.3608803,"DHA+EPA"
"IMN",8904365.94141258,19103464.161782,"DHA+EPA"
"HTI",0,81821697.5196975,"DHA+EPA"
"QAT",0,98200851.1885557,"DHA+EPA"
"ERI",8036989.22220213,110528628.978816,"DHA+EPA"
"MNE",0,35606795.4649342,"DHA+EPA"
"BRA",1306044971.89674,6816803868.90675,"Iron"
"VGB",0,42192414.4612345,"Iron"
"CHL",106121899.834986,19916567904.8787,"Iron"
"COL",92850166.7811944,431965334.817982,"Iron"
"CRI",68852888.7443225,325134294.156546,"Iron"
"DOM",97223046.2631049,252635019.642203,"Iron"
"ECU",408370878.881433,6748634293.25624,"Iron"
"JAM",0,124265234.386051,"Iron"
"BES",19837613.6996095,19837613.6996095,"Iron"
"PER",504440476.060074,45738267003.7547,"Iron"
"PAN",107772088.217277,848801383.734131,"Iron"
"SUR",0,461744230.516107,"Iron"
"VEN",434005915.105733,2274517159.6837,"Iron"
"VIR",0,16271539.8378966,"Iron"
"AUS",426771233.167223,1537306457.35409,"Iron"
"CAN",1044882123.2471,13730355367.3759,"Iron"
"FRA",1957451307.88681,4570629443.16872,"Iron"
"IRN",0,3068242489.86378,"Iron"
"JPN",4813014275.17644,46775025701.9731,"Iron"
"KEN",0,229153633.143737,"Iron"
"KOR",638074999.182942,19351287057.9986,"Iron"
"MYS",966780394.928527,31664411205.9567,"Iron"
"MRT",1793204039.57211,12545879351.4568,"Iron"
"MOZ",102484549.013327,1631324336.43956,"Iron"
"SJM",103931294.283729,748000171.467696,"Iron"
"PHL",2613854542.25388,21732918519.9321,"Iron"
"POL",98155909.682306,639670123.379355,"Iron"
"SAU",132599500.666296,1247256533.42488,"Iron"
"SWE",274516307.914474,1168596812.15913,"Iron"
"TUN",14935054.6486965,1776800013.88884,"Iron"
"USA",2642691318.26546,42570251021.7426,"Iron"
"CMR",0,1124142476.52666,"Iron"
"IDN",4221401857.2447,81411932436.0179,"Iron"
"MUS",0,199816566.152564,"Iron"
"PRT",400684537.690419,1755654177.07571,"Iron"
"GBR",4234895267.61178,13945445884.9654,"Iron"
"ISL",50044461.9841708,4333845141.25377,"Iron"
"NZL",174072303.041921,3643454571.08081,"Iron"
"EST",30051637.389969,411975113.005453,"Iron"
"GEO",0,2906901721.83474,"Iron"
"UKR",67676909.3007054,1617052802.64732,"Iron"
"MEX",3427351143.08315,20320018748.3124,"Iron"
"FLK",0,5532456374.88454,"Iron"
"GRL",5087119.60254121,1656104680.27027,"Iron"
"BHS",6441372.81372262,111772665.552254,"Iron"
"GMB",0,820336082.460378,"Iron"
"MDG",42723644.8569754,1219550234.62577,"Iron"
"HRV",87825840.9847261,965383042.457844,"Iron"
"SEN",538506603.894957,4743949291.99018,"Iron"
"FJI",116637928.125995,552204738.909183,"Iron"
"NOR",302199958.03161,10239649993.0488,"Iron"
"LKA",0,3596722896.02442,"Iron"
"ARG",405899346.771093,6143623463.85909,"Iron"
"ZAF",416884750.992665,5553296323.20839,"Iron"
"PNG",18581194.2224828,3849439733.87885,"Iron"
"NCL",86676308.3625733,141366157.057839,"Iron"
"TON",0,118041237.072065,"Iron"
"PLW",1031398599.45682,1054890764.58689,"Iron"
"COK",112777057.859969,112777057.859969,"Iron"
"AGO",272277822.298003,6023428290.26638,"Iron"
"ALB",0,74772630.0904679,"Iron"
"SYC",64682127.856393,164144217.897938,"Iron"
"NFK",0,6247825.23243603,"Iron"
"IRL",73491161.3210902,3464292863.42589,"Iron"
"ESP",1750262493.70219,5788958567.39224,"Iron"
"DNK",361082876.10008,2052333662.9183,"Iron"
"ITA",677348691.50156,3709511793.01438,"Iron"
"PAK",0,8912160205.393,"Iron"
"THA",1459847852.40778,18424658614.3209,"Iron"
"FIN",304899708.933482,1287419523.72284,"Iron"
"VNM",1860631649.03885,26460483966.4619,"Iron"
"MMR",110232593.510086,13356401101.1372,"Iron"
"TWN",66892872.0604904,38589153263.5389,"Iron"
"DEU",737424485.29009,1504164063.77776,"Iron"
"ROU",13161010.5768016,42346031.3636817,"Iron"
"CUW",0,10759461.2132086,"Iron"
"EGY",137903816.339106,2283274043.18775,"Iron"
"VUT",0,124060022.216319,"Iron"
"RUS",706204479.59485,46598574902.4033,"Iron"
"BGR",0,134057229.67824,"Iron"
"MAR",0,11235308366.2306,"Iron"
"MLT",25371463.4207128,103370211.800154,"Iron"
"DMA",0,6446851.13988621,"Iron"
"LCA",0,8777207.5373358,"Iron"
"OMN",2485895747.5481,3001535003.30054,"Iron"
"BLZ",241549.11992203,57081614.4331808,"Iron"
"PRI",0,24489053.9303216,"Iron"
"CUB",46934582.9631578,214157868.206074,"Iron"
"GTM",30420370.5074295,323825051.552226,"Iron"
"NIC",47380702.6890609,969611834.989367,"Iron"
"GRD",0,10459144.3050868,"Iron"
"TTO",0,182387631.781389,"Iron"
"NLD",198232336.57782,1080423302.04575,"Iron"
"CYM",0,1435153.73116144,"Iron"
"WSM",0,138245708.825064,"Iron"
"TCA",0,76264992.9882831,"Iron"
"PCN",1956798.25626283,1956798.25626283,"Iron"
"GRC",162678753.711663,1326447835.28802,"Iron"
"ISR",0,61342980.560891,"Iron"
"ABW",0,14582446.8870786,"Iron"
"AIA",0,18708057.3078563,"Iron"
"VCT",0,10430371.6693473,"Iron"
"BRN",0,633161784.32611,"Iron"
"KWT",0,176677117.54855,"Iron"
"UMI",130426580.418445,288882806.376596,"Iron"
"HND",36063941.6378533,133657575.349287,"Iron"
"GNQ",0,229742498.094372,"Iron"
"BMU",0,12548835.5396238,"Iron"
"KNA",0,14405699.2410254,"Iron"
"ATG",0,41183264.4847925,"Iron"
"LTU",5860846.08200476,118045017.572925,"Iron"
"TZA",219186772.735789,1134268382.02267,"Iron"
"GNB",26446965.9798829,6568478279.65164,"Iron"
"NGA",0,3511112534.25453,"Iron"
"LVA",111220741.290841,505734352.68906,"Iron"
"GUY",0,529525167.180349,"Iron"
"KAZ",0,0,"Iron"
"CHN",544140483.261272,59142499977.0352,"Iron"
"BEL",14459015.5143294,44927640.0158222,"Iron"
"GIN",231858070.434492,6028250376.57434,"Iron"
"KHM",0,7327229909.52318,"Iron"
"GAB",317688148.534799,1069254515.59765,"Iron"
"REU",0,7035857.66006999,"Iron"
"GUF",0,101697945.762407,"Iron"
"MTQ",50554285.7474308,50554285.7474308,"Iron"
"SHN",5975232.54264786,10987361.6974616,"Iron"
"AZE",0,0,"Iron"
"NAM",251633081.834364,5057836968.31143,"Iron"
"TUR",0,5496170400.56969,"Iron"
"BRB",0,46867756.8433146,"Iron"
"CCK",0,272424.789715265,"Iron"
"GLP",55436114.4855227,55436114.4855227,"Iron"
"SLV",0,153394574.04764,"Iron"
"CPV",0,644844700.361219,"Iron"
"COG",162229414.328978,516577065.895631,"Iron"
"MCO",0,0,"Iron"
"HMD",138990.585137686,4962632.33892664,"Iron"
"BGD",1832490438.66061,9028580888.65172,"Iron"
"BLM",5183496.13454576,5183496.13454576,"Iron"
"TKM",0,0,"Iron"
"SLB",0,973110336.506449,"Iron"
"MAF",0,0,"Iron"
"SVN",0,0,"Iron"
"SLE",198475487.76777,2865339401.28472,"Iron"
"MNP",311144.261460324,5646709.85645294,"Iron"
"KIR",1936254066.54166,6953582141.32041,"Iron"
"COM",0,32190457.0473159,"Iron"
"GUM",2722.31109666603,1100753.56572653,"Iron"
"JEY",0,0,"Iron"
"SXM",0,0,"Iron"
"ATF",11437707.805488,1250282874.45772,"Iron"
"TLS",0,93807043.3100101,"Iron"
"MYT",47177468.3786346,47177468.3786346,"Iron"
"SPM",0,121210018.904068,"Iron"
"ASM",3733052.63794211,74231685.6728669,"Iron"
"URY",13844800.9114568,631006122.137998,"Iron"
"LBN",0,28365983.7242519,"Iron"
"MHL",0,1381648315.47809,"Iron"
"GGY",0,30507605.3404293,"Iron"
"DZA",0,3170031232.54791,"Iron"
"STP",0,198628480.4115,"Iron"
"YEM",0,5304896411.5219,"Iron"
"COD",0,13068744.3393561,"Iron"
"CYP",6461915.34533246,341546216.642687,"Iron"
"ARE",17606303.1830792,719109625.105289,"Iron"
"LBR",12746927.9796964,681754596.854367,"Iron"
"SGS",1017894277.48587,1017894277.65147,"Iron"
"TUV",0,832219143.876203,"Iron"
"FRO",0,2130879925.86746,"Iron"
"DJI",0,103216139.408887,"Iron"
"MDV",0,172390764.509402,"Iron"
"SDN",3154682.33241171,211463554.093497,"Iron"
"IMN",18484044.0488759,39949903.5956427,"Iron"
"HTI",0,79756980.2190511,"Iron"
"QAT",0,240657925.521913,"Iron"
"ERI",16097020.9574247,246773478.609128,"Iron"
"MNE",0,35655148.2914061,"Iron"
"BRA",3863811464.25541,24790745303.9078,"Vitamin B12"
"VGB",0,71252684.4789638,"Vitamin B12"
"CHL",430232906.347467,64822869972.6465,"Vitamin B12"
"COL",291699682.101008,1517539845.53782,"Vitamin B12"
"CRI",176074983.922915,813849551.238472,"Vitamin B12"
"DOM",271922470.975345,736490900.119344,"Vitamin B12"
"ECU",1504199907.28186,22248688902.3311,"Vitamin B12"
"JAM",0,301690890.267601,"Vitamin B12"
"BES",54189807.8677463,54189807.8677463,"Vitamin B12"
"PER",670688178.615257,84705600008.0082,"Vitamin B12"
"PAN",457998131.815336,2863040932.5635,"Vitamin B12"
"SUR",0,1092749464.25071,"Vitamin B12"
"VEN",2231677985.96292,11466117934.4957,"Vitamin B12"
"VIR",0,26648332.6022302,"Vitamin B12"
"AUS",1623893208.44482,5831966370.42558,"Vitamin B12"
"CAN",5792425406.39824,80902165658.2751,"Vitamin B12"
"FRA",5468527073.70128,13913969429.0598,"Vitamin B12"
"IRN",0,8096005681.58431,"Vitamin B12"
"JPN",24267575406.0218,253900211104.602,"Vitamin B12"
"KEN",0,500024250.974965,"Vitamin B12"
"KOR",3555552759.21478,110130128513.654,"Vitamin B12"
"MYS",2410599709.22388,94012163842.1081,"Vitamin B12"
"MRT",13846630244.7837,76164209326.2594,"Vitamin B12"
"MOZ",255672908.096584,4786265811.57083,"Vitamin B12"
"SJM",515897796.558708,3920918653.21536,"Vitamin B12"
"PHL",10567319318.9613,83516434048.2914,"Vitamin B12"
"POL",817723192.689097,5656084949.65538,"Vitamin B12"
"SAU",194574854.081798,1921112995.90378,"Vitamin B12"
"SWE",2455580504.55912,10293204348.2413,"Vitamin B12"
"TUN",39845733.753896,3889896856.38547,"Vitamin B12"
"USA",16345168248.8205,201864077814.563,"Vitamin B12"
"CMR",0,6381395850.6707,"Vitamin B12"
"IDN",13910401749.1462,264535297191.169,"Vitamin B12"
"MUS",0,355506907.661653,"Vitamin B12"
"PRT",1302353406.18827,6513238966.53411,"Vitamin B12"
"GBR",16300817919.1017,72908481373.5668,"Vitamin B12"
"ISL",294897291.155978,19385063614.6338,"Vitamin B12"
"NZL",537714857.142968,12642209597.4421,"Vitamin B12"
"EST",305518630.317543,4077849277.50788,"Vitamin B12"
"GEO",0,3392296110.98237,"Vitamin B12"
"UKR",195518617.844806,4944246993.79568,"Vitamin B12"
"MEX",15308136560.109,81227991825.1713,"Vitamin B12"
"FLK",0,15910828880.5121,"Vitamin B12"
"GRL",7931350.55673126,6361935763.87142,"Vitamin B12"
"BHS",32363850.3689889,639811032.421416,"Vitamin B12"
"GMB",0,3791109962.23378,"Vitamin B12"
"MDG",156018345.19919,3387787312.1833,"Vitamin B12"
"HRV",429152798.547168,4865463824.73727,"Vitamin B12"
"SEN",2257468014.02627,15536728117.3774,"Vitamin B12"
"FJI",319593481.808113,1314593767.84647,"Vitamin B12"
"NOR",2315171682.62638,79700103230.9882,"Vitamin B12"
"LKA",0,12672029136.6451,"Vitamin B12"
"ARG",588129142.756964,11681541769.8917,"Vitamin B12"
"ZAF",1633522591.12037,19187199124.2697,"Vitamin B12"
"PNG",40520686.6068592,14294496454.8263,"Vitamin B12"
"NCL",209205136.049658,331969143.479777,"Vitamin B12"
"TON",0,311773481.937186,"Vitamin B12"
"PLW",4087782586.00856,4185901569.1183,"Vitamin B12"
"COK",293904963.284608,293904963.284608,"Vitamin B12"
"AGO",981725183.730871,22947028266.0721,"Vitamin B12"
"ALB",0,214544226.706663,"Vitamin B12"
"SYC",161226410.483756,370959516.57697,"Vitamin B12"
"NFK",0,14304163.7609318,"Vitamin B12"
"IRL",353739115.505928,14138243707.8466,"Vitamin B12"
"ESP",4415589824.7137,17437309907.8023,"Vitamin B12"
"DNK",1504287855.13728,9316877709.65842,"Vitamin B12"
"ITA",1745061089.25142,10105861627.3162,"Vitamin B12"
"PAK",0,22473222929.9067,"Vitamin B12"
"THA",4587420333.07045,57302643223.6672,"Vitamin B12"
"FIN",3146967833.537,13614983694.6971,"Vitamin B12"
"VNM",5299581337.50729,79811703247.2256,"Vitamin B12"
"MMR",312833852.421499,38873089604.3096,"Vitamin B12"
"TWN",346494254.507672,116488032711.683,"Vitamin B12"
"DEU",3277853630.44775,6411034328.555,"Vitamin B12"
"ROU",46119629.3855768,137946638.402863,"Vitamin B12"
"CUW",0,41953281.2285367,"Vitamin B12"
"EGY",280066411.120526,4827273046.29272,"Vitamin B12"
"VUT",0,338159750.869289,"Vitamin B12"
"RUS",3241474942.44755,206362207953.781,"Vitamin B12"
"BGR",0,631859850.378686,"Vitamin B12"
"MAR",0,49567523242.3308,"Vitamin B12"
"MLT",46812494.9411035,200279425.954583,"Vitamin B12"
"DMA",0,19736826.3331559,"Vitamin B12"
"LCA",0,45361449.4479229,"Vitamin B12"
"OMN",5850804253.72689,7279753873.90022,"Vitamin B12"
"BLZ",1341855.98665745,257568653.658909,"Vitamin B12"
"PRI",0,51386275.8201994,"Vitamin B12"
"CUB",170262304.626136,773123806.865482,"Vitamin B12"
"GTM",49736966.9438683,670453701.515347,"Vitamin B12"
"NIC",262839127.635746,3797491013.29088,"Vitamin B12"
"GRD",0,41315896.4419532,"Vitamin B12"
"TTO",0,600566882.969922,"Vitamin B12"
"NLD",804003095.751236,3944164679.21048,"Vitamin B12"
"CYM",0,4397104.65952238,"Vitamin B12"
"WSM",0,432946444.640911,"Vitamin B12"
"TCA",0,675784645.469002,"Vitamin B12"
"PCN",3642976.12126278,3642976.12126278,"Vitamin B12"
"GRC",391364372.753928,3059171175.32968,"Vitamin B12"
"ISR",0,149967223.593731,"Vitamin B12"
"ABW",0,44660749.0118615,"Vitamin B12"
"AIA",0,53734184.0373828,"Vitamin B12"
"VCT",0,64646906.8513789,"Vitamin B12"
"BRN",0,1972658721.05989,"Vitamin B12"
"KWT",0,392949115.45258,"Vitamin B12"
"UMI",332126409.626225,972795675.672461,"Vitamin B12"
"HND",131244657.609748,476765039.094455,"Vitamin B12"
"GNQ",0,971517403.093848,"Vitamin B12"
"BMU",0,34875650.4176157,"Vitamin B12"
"KNA",0,33255621.9860089,"Vitamin B12"
"ATG",0,207075641.157178,"Vitamin B12"
"LTU",51263438.1362279,1092113482.63359,"Vitamin B12"
"TZA",575641816.933207,2892145752.30276,"Vitamin B12"
"GNB",56150869.4588445,16928009872.8966,"Vitamin B12"
"NGA",0,14267198962.9279,"Vitamin B12"
"LVA",1095573074.98507,4882458609.23847,"Vitamin B12"
"GUY",0,902973277.675719,"Vitamin B12"
"KAZ",0,0,"Vitamin B12"
"CHN",3160018571.34314,274641240177.396,"Vitamin B12"
"BEL",41518353.2280366,127694679.33294,"Vitamin B12"
"GIN",966775405.026982,20212670071.2707,"Vitamin B12"
"KHM",0,24072779317.0507,"Vitamin B12"
"GAB",1441442901.31621,4534409691.46756,"Vitamin B12"
"REU",0,15876886.4748763,"Vitamin B12"
"GUF",0,212032329.016036,"Vitamin B12"
"MTQ",222417693.692143,222417693.692143,"Vitamin B12"
"SHN",20911822.4607627,34458333.27026,"Vitamin B12"
"AZE",0,0,"Vitamin B12"
"NAM",1250386079.56004,23719120606.7209,"Vitamin B12"
"TUR",0,17349379288.0801,"Vitamin B12"
"BRB",0,99428359.8463922,"Vitamin B12"
"CCK",0,635753.20547431,"Vitamin B12"
"GLP",159951302.930364,159951302.930364,"Vitamin B12"
"SLV",0,325346383.331241,"Vitamin B12"
"CPV",0,2830186875.02481,"Vitamin B12"
"COG",1105157607.52103,2608729792.02855,"Vitamin B12"
"MCO",0,0,"Vitamin B12"
"HMD",683843.815156387,24960128.476225,"Vitamin B12"
"BGD",3499995051.04288,18203246565.7068,"Vitamin B12"
"BLM",12152625.343401,12152625.343401,"Vitamin B12"
"TKM",0,0,"Vitamin B12"
"SLB",0,3428388381.42385,"Vitamin B12"
"MAF",0,0,"Vitamin B12"
"SVN",0,0,"Vitamin B12"
"SLE",1249714011.48242,16262690154.4448,"Vitamin B12"
"MNP",901707.571300942,11784884.264761,"Vitamin B12"
"KIR",8178322114.79093,29072237006.1661,"Vitamin B12"
"COM",0,119148815.490694,"Vitamin B12"
"GUM",6809.67772213889,2702264.1834303,"Vitamin B12"
"JEY",0,0,"Vitamin B12"
"SXM",0,0,"Vitamin B12"
"ATF",47133068.2847083,4778189549.96498,"Vitamin B12"
"TLS",0,269431010.372838,"Vitamin B12"
"MYT",143267912.249669,143267912.249669,"Vitamin B12"
"SPM",0,369135405.1233,"Vitamin B12"
"ASM",8581915.57222744,238640404.70312,"Vitamin B12"
"URY",57037819.7008059,1962454694.66745,"Vitamin B12"
"LBN",0,71306473.0124629,"Vitamin B12"
"MHL",0,5728193822.14957,"Vitamin B12"
"GGY",0,80182184.2584843,"Vitamin B12"
"DZA",0,7021933702.38163,"Vitamin B12"
"STP",0,718524309.951183,"Vitamin B12"
"YEM",0,18136165389.3292,"Vitamin B12"
"COD",0,49254811.3701615,"Vitamin B12"
"CYP",13611618.9583183,530186253.472026,"Vitamin B12"
"ARE",46244620.6528696,1937409342.1688,"Vitamin B12"
"LBR",46920296.8400634,2374014237.8622,"Vitamin B12"
"SGS",2042345759.36483,2042345762.78713,"Vitamin B12"
"TUV",0,3523168765.97434,"Vitamin B12"
"FRO",0,7377309363.11246,"Vitamin B12"
"DJI",0,319397380.580973,"Vitamin B12"
"MDV",0,641425636.323609,"Vitamin B12"
"SDN",3388558.34560927,350750716.516308,"Vitamin B12"
"IMN",50314558.4934388,108306916.269721,"Vitamin B12"
"HTI",0,279217661.168268,"Vitamin B12"
"QAT",0,418278644.049139,"Vitamin B12"
"ERI",49357616.665298,552201531.38243,"Vitamin B12"
"MNE",0,143582779.387545,"Vitamin B12"
"BRA",30173197825.7304,167918582319.934,"Vitamin A"
"VGB",0,515843838.785029,"Vitamin A"
"CHL",2159242761.84565,204227769546.163,"Vitamin A"
"COL",2806563726.60431,8736877257.44267,"Vitamin A"
"CRI",1114453694.60827,5142640344.80851,"Vitamin A"
"DOM",2262058068.82915,5973929272.99024,"Vitamin A"
"ECU",4786765216.99915,72744934687.3109,"Vitamin A"
"JAM",0,3770639342.34855,"Vitamin A"
"BES",367523973.904975,367523973.904975,"Vitamin A"
"PER",5064167519.2072,455642058671.892,"Vitamin A"
"PAN",2004703936.49923,12799454702.9638,"Vitamin A"
"SUR",0,9492602098.30635,"Vitamin A"
"VEN",4994607663.4363,26046832762.8628,"Vitamin A"
"VIR",0,214049779.676002,"Vitamin A"
"AUS",13650261082.2796,37074585387.8192,"Vitamin A"
"CAN",25105526025.6157,317719525628.201,"Vitamin A"
"FRA",34971273385.773,83845764686.1286,"Vitamin A"
"IRN",0,52439811980.7705,"Vitamin A"
"JPN",137674290441.39,1120894945464.91,"Vitamin A"
"KEN",0,3619118583.18445,"Vitamin A"
"KOR",24657049423.3318,593970412998.241,"Vitamin A"
"MYS",16311081942.5675,662573826089.415,"Vitamin A"
"MRT",35349820934.4333,189152672977.668,"Vitamin A"
"MOZ",1664565515.44091,28991754735.6117,"Vitamin A"
"SJM",5983891289.92929,23473984304.2288,"Vitamin A"
"PHL",32366587584.2524,328493807509.873,"Vitamin A"
"POL",6486665936.69431,57352094996.6781,"Vitamin A"
"SAU",1568736927.92914,16081792143.6821,"Vitamin A"
"SWE",24859873816.0377,110139705992.121,"Vitamin A"
"TUN",191357513.039643,22598507400.2072,"Vitamin A"
"USA",42274434708.7589,962935202999.525,"Vitamin A"
"CMR",0,29467901900.1515,"Vitamin A"
"IDN",66856547117.3094,1414863066124.17,"Vitamin A"
"MUS",0,3419369771.31477,"Vitamin A"
"PRT",8967287936.14227,37798983240.9298,"Vitamin A"
"GBR",81563432096.1905,359713289611.228,"Vitamin A"
"ISL",2429074664.42725,168662976673.269,"Vitamin A"
"NZL",4332120755.14338,135264080823.243,"Vitamin A"
"EST",1935410845.87207,37378108749.8735,"Vitamin A"
"GEO",0,31135576134.7346,"Vitamin A"
"UKR",1301124300.37036,43747241404.0609,"Vitamin A"
"MEX",75040458860.324,440608526656.381,"Vitamin A"
"FLK",0,831084972375.142,"Vitamin A"
"GRL",111030577.114904,48080331066.0082,"Vitamin A"
"BHS",72612398.3550802,1178079584.12732,"Vitamin A"
"GMB",0,12019191568.8879,"Vitamin A"
"MDG",1327174388.66624,31953444629.1942,"Vitamin A"
"HRV",1521894191.33843,16250824066.4235,"Vitamin A"
"SEN",11182963393.6443,104345480400.77,"Vitamin A"
"FJI",878098137.911055,5432576422.67108,"Vitamin A"
"NOR",11317370622.7753,313059628997.669,"Vitamin A"
"LKA",0,54758312553.8013,"Vitamin A"
"ARG",8751123370.3265,254509565299.088,"Vitamin A"
"ZAF",10905833589.1878,116840024819.544,"Vitamin A"
"PNG",169831040.021989,38972855259.0302,"Vitamin A"
"NCL",1612715505.71426,2614809687.35835,"Vitamin A"
"TON",0,1145307569.3929,"Vitamin A"
"PLW",9556121637.77939,9813612731.50016,"Vitamin A"
"COK",2040963998.46925,2040963998.46925,"Vitamin A"
"AGO",4562848764.90688,103861276334.924,"Vitamin A"
"ALB",0,1690808749.61026,"Vitamin A"
"SYC",1254366105.38503,2846177863.17412,"Vitamin A"
"NFK",0,126881472.055358,"Vitamin A"
"IRL",1037059814.21227,52767425756.9956,"Vitamin A"
"ESP",46076493286.0881,162410276955.801,"Vitamin A"
"DNK",13636180803.3266,79466443187.346,"Vitamin A"
"ITA",5975042456.54518,37745746409.2602,"Vitamin A"
"PAK",0,158719877296.619,"Vitamin A"
"THA",26921876023.1956,364531676179.901,"Vitamin A"
"FIN",16946348014.4588,55221088267.0691,"Vitamin A"
"VNM",23709385589.3992,350195679316.212,"Vitamin A"
"MMR",8370190418.40691,587330069088.88,"Vitamin A"
"TWN",1784640912.09214,454878983129.703,"Vitamin A"
"DEU",29303286816.5186,50885728095.2958,"Vitamin A"
"ROU",365862650.962493,1458520915.2576,"Vitamin A"
"CUW",0,192987668.071723,"Vitamin A"
"EGY",1643018922.01315,25409780174.3408,"Vitamin A"
"VUT",0,1588239525.31811,"Vitamin A"
"RUS",25072957153.9089,1576783161399.71,"Vitamin A"
"BGR",0,5707146907.83888,"Vitamin A"
"MAR",0,240121625610.735,"Vitamin A"
"MLT",617452051.252139,3936508709.20414,"Vitamin A"
"DMA",0,170294616.00582,"Vitamin A"
"LCA",0,198098496.33342,"Vitamin A"
"OMN",22551032903.7186,31145561152.3066,"Vitamin A"
"BLZ",5224028.58456846,553324678.509408,"Vitamin A"
"PRI",0,346799125.831967,"Vitamin A"
"CUB",667806240.796574,3200558777.56508,"Vitamin A"
"GTM",334759379.435413,6037798517.00614,"Vitamin A"
"NIC",345486880.718048,9095037998.7295,"Vitamin A"
"GRD",0,184111451.585127,"Vitamin A"
"TTO",0,3937851389.89229,"Vitamin A"
"NLD",6920392729.95665,31435404105.4841,"Vitamin A"
"CYM",0,18730895.4741582,"Vitamin A"
"WSM",0,2237362097.89205,"Vitamin A"
"TCA",0,409794603.868696,"Vitamin A"
"PCN",43068397.5615793,43068397.5615793,"Vitamin A"
"GRC",2096725896.25477,17078003196.4581,"Vitamin A"
"ISR",0,1202089268.99179,"Vitamin A"
"ABW",0,218629330.923987,"Vitamin A"
"AIA",0,287096468.208578,"Vitamin A"
"VCT",0,132484056.942044,"Vitamin A"
"BRN",0,10534851864.9798,"Vitamin A"
"KWT",0,3557298482.10026,"Vitamin A"
"UMI",2708198592.69965,4516335695.56144,"Vitamin A"
"HND",184587484.209866,716115843.107352,"Vitamin A"
"GNQ",0,6144761903.78666,"Vitamin A"
"BMU",0,295680453.784817,"Vitamin A"
"KNA",0,243652727.614086,"Vitamin A"
"ATG",0,416467481.330227,"Vitamin A"
"LTU",645922462.256087,13018987238.5193,"Vitamin A"
"TZA",4633442584.97629,22435367888.29,"Vitamin A"
"GNB",543684499.425282,144942831854.361,"Vitamin A"
"NGA",0,72967843298.3052,"Vitamin A"
"LVA",9046690183.35583,48777650150.911,"Vitamin A"
"GUY",0,7855399406.86479,"Vitamin A"
"KAZ",0,0,"Vitamin A"
"CHN",15738730119.5318,1593031911654.21,"Vitamin A"
"BEL",133311768.822549,533572310.540541,"Vitamin A"
"GIN",5539007497.44349,129831679105.973,"Vitamin A"
"KHM",0,160969822572.51,"Vitamin A"
"GAB",7348841954.07578,21745491381.6479,"Vitamin A"
"REU",0,141960098.52182,"Vitamin A"
"GUF",0,1923917546.48538,"Vitamin A"
"MTQ",1237520901.38435,1237520901.38435,"Vitamin A"
"SHN",59977016.693805,145317918.667196,"Vitamin A"
"AZE",0,0,"Vitamin A"
"NAM",4045153515.09205,68558454796.4851,"Vitamin A"
"TUR",0,130980090336.988,"Vitamin A"
"BRB",0,897139491.948743,"Vitamin A"
"CCK",0,6034778.46819846,"Vitamin A"
"GLP",1334677523.52206,1334677523.52206,"Vitamin A"
"SLV",0,3488327368.0584,"Vitamin A"
"CPV",0,12730164471.211,"Vitamin A"
"COG",4706329251.65516,13134831008.6449,"Vitamin A"
"MCO",0,0,"Vitamin A"
"HMD",344385660.633276,34627684715.28,"Vitamin A"
"BGD",32282269607.7955,155593429102.544,"Vitamin A"
"BLM",89610599.3915017,89610599.3915017,"Vitamin A"
"TKM",0,0,"Vitamin A"
"SLB",0,12927139500.5068,"Vitamin A"
"MAF",0,0,"Vitamin A"
"SVN",0,0,"Vitamin A"
"SLE",4376393796.10515,61001543523.9019,"Vitamin A"
"MNP",5679747.27554705,81923783.1337241,"Vitamin A"
"KIR",16137226598.2587,58096470784.6749,"Vitamin A"
"COM",0,637685720.095865,"Vitamin A"
"GUM",57615.4734871859,16261497.5940199,"Vitamin A"
"JEY",0,0,"Vitamin A"
"SXM",0,0,"Vitamin A"
"ATF",77964834597.3187,92438789064.5155,"Vitamin A"
"TLS",0,1764284753.41985,"Vitamin A"
"MYT",701669249.45149,701669249.45149,"Vitamin A"
"SPM",0,1475171497.16294,"Vitamin A"
"ASM",68225977.7186553,998501543.941008,"Vitamin A"
"URY",322989641.150922,21322910742.5307,"Vitamin A"
"LBN",0,496218112.383565,"Vitamin A"
"MHL",0,11216008669.9909,"Vitamin A"
"GGY",0,543606173.77692,"Vitamin A"
"DZA",0,34880792156.7015,"Vitamin A"
"STP",0,3081362800.64917,"Vitamin A"
"YEM",0,97322330493.0663,"Vitamin A"
"COD",0,203040096.657684,"Vitamin A"
"CYP",91065852.7150061,4516608649.77873,"Vitamin A"
"ARE",338154710.56719,15165840062.2913,"Vitamin A"
"LBR",315101418.94543,19698029791.9433,"Vitamin A"
"SGS",51397520989.844,51397520996.4678,"Vitamin A"
"TUV",0,6728333555.72688,"Vitamin A"
"FRO",0,53212741851.3626,"Vitamin A"
"DJI",0,1743576935.1255,"Vitamin A"
"MDV",0,2486738020.10739,"Vitamin A"
"SDN",44164982.0889071,2621586865.1066,"Vitamin A"
"IMN",167518006.448767,360101749.963382,"Vitamin A"
"HTI",0,2040417352.99676,"Vitamin A"
"QAT",0,2929950194.35404,"Vitamin A"
"ERI",198556845.51348,1903054223.86782,"Vitamin A"
"MNE",0,737498129.712031,"Vitamin A"
"BRA",876468424.881981,4859674191.73208,"Zinc"
"VGB",0,16536097.9585296,"Zinc"
"CHL",98519576.3324904,19936785042.8757,"Zinc"
"COL",62505387.7287438,262673031.713309,"Zinc"
"CRI",41805722.0468936,207258528.722281,"Zinc"
"DOM",67157077.5432802,181212093.3048,"Zinc"
"ECU",279217998.433889,4969843844.83688,"Zinc"
"JAM",0,81446688.2758661,"Zinc"
"BES",13210091.9474541,13210091.9474541,"Zinc"
"PER",502168742.528555,50135477582.5547,"Zinc"
"PAN",86521596.8041759,743870936.999495,"Zinc"
"SUR",0,262180191.527252,"Zinc"
"VEN",260047227.697174,1265397945.87334,"Zinc"
"VIR",0,6367466.12451924,"Zinc"
"AUS",386473519.373137,1288913920.86989,"Zinc"
"CAN",2077462122.25306,27082638667.2473,"Zinc"
"FRA",1440277153.28805,3409194141.64451,"Zinc"
"IRN",0,1685748396.1129,"Zinc"
"JPN",4741623125.70349,43120317323.1183,"Zinc"
"KEN",0,113718636.438495,"Zinc"
"KOR",925681664.129752,22706315899.5773,"Zinc"
"MYS",436046791.115735,18719775438.6803,"Zinc"
"MRT",2197660377.93186,11623713083.8191,"Zinc"
"MOZ",59377785.2150944,1033802208.41822,"Zinc"
"SJM",132442711.410859,1074374453.65515,"Zinc"
"PHL",2025841895.51771,15062706210.7269,"Zinc"
"POL",93051383.3564795,630503701.13128,"Zinc"
"SAU",43673332.3892602,456012472.37927,"Zinc"
"SWE",266531930.962018,1114723474.08521,"Zinc"
"TUN",10139182.1146757,1059126057.43509,"Zinc"
"USA",7763151373.73741,138152513510.354,"Zinc"
"CMR",0,935736300.22544,"Zinc"
"IDN",2709201081.43828,49558515517.1318,"Zinc"
"MUS",0,76503483.2319801,"Zinc"
"PRT",250883234.426221,1089828839.45577,"Zinc"
"GBR",2757506810.98691,10185487615.9834,"Zinc"
"ISL",56342914.0788884,4534405550.71459,"Zinc"
"NZL",155883662.860475,2548812740.48946,"Zinc"
"EST",25295185.5569339,365757528.368811,"Zinc"
"GEO",0,3206175800.71275,"Zinc"
"UKR",54942017.9196308,1473891692.22925,"Zinc"
"MEX",5581709681.31746,34632522736.8414,"Zinc"
"FLK",0,10348327911.7459,"Zinc"
"GRL",3122182.52723561,2027837375.79329,"Zinc"
"BHS",22574676.4880502,282589897.208538,"Zinc"
"GMB",0,632523567.132573,"Zinc"
"MDG",54999940.6836014,1162254317.90962,"Zinc"
"HRV",58860908.3060027,643713997.087801,"Zinc"
"SEN",451897825.390843,3387921686.00389,"Zinc"
"FJI",67971422.7157464,277224718.676827,"Zinc"
"NOR",240446101.751511,8746891944.45706,"Zinc"
"LKA",0,2284812498.94529,"Zinc"
"ARG",361433137.456767,6638376678.03242,"Zinc"
"ZAF",336069272.70482,4697777263.55558,"Zinc"
"PNG",7253352.89321332,1821536626.88747,"Zinc"
"NCL",42696441.1177447,63876001.9595999,"Zinc"
"TON",0,74257865.1209919,"Zinc"
"PLW",476672871.098441,487978056.177408,"Zinc"
"COK",59958616.9323435,59958616.9323435,"Zinc"
"AGO",192520184.957102,3936757778.88311,"Zinc"
"ALB",0,43349906.1365776,"Zinc"
"SYC",23828199.9609042,67054232.1424629,"Zinc"
"NFK",0,3966268.26695699,"Zinc"
"IRL",109455398.922679,2428662923.78163,"Zinc"
"ESP",1093868339.92733,3723901069.11796,"Zinc"
"DNK",240545459.216092,1299911720.32287,"Zinc"
"ITA",422539499.916166,2335921405.07466,"Zinc"
"PAK",0,4525226079.88379,"Zinc"
"THA",984195566.436069,11308742761.1896,"Zinc"
"FIN",241662098.037627,963968573.584306,"Zinc"
"VNM",1540807843.47872,22127787544.0075,"Zinc"
"MMR",76443556.5609921,8962624499.8045,"Zinc"
"TWN",64594466.5301642,34323977923.4249,"Zinc"
"DEU",628308855.107253,1224570511.70486,"Zinc"
"ROU",9955420.10237583,31605819.4804893,"Zinc"
"CUW",0,7360754.47849083,"Zinc"
"EGY",68078923.6218807,1483887342.29871,"Zinc"
"VUT",0,86661724.2068709,"Zinc"
"RUS",549498871.819146,37192230050.5839,"Zinc"
"BGR",0,80728991.1687795,"Zinc"
"MAR",0,6896145219.24513,"Zinc"
"MLT",13584540.3165247,52768953.2164221,"Zinc"
"DMA",0,5599509.20886271,"Zinc"
"LCA",0,13237170.4965023,"Zinc"
"OMN",1105996289.96467,1363822490.45144,"Zinc"
"BLZ",291093.139419156,84298540.6237957,"Zinc"
"PRI",0,11457057.8431319,"Zinc"
"CUB",37877473.0114136,181004434.187116,"Zinc"
"GTM",27721235.7806917,183993684.98095,"Zinc"
"NIC",86454813.500348,1279540240.9473,"Zinc"
"GRD",0,8210084.97301941,"Zinc"
"TTO",0,110407427.342962,"Zinc"
"NLD",128363432.145298,800460185.282664,"Zinc"
"CYM",0,1652284.6512227,"Zinc"
"WSM",0,74017991.5147181,"Zinc"
"TCA",0,208067293.837544,"Zinc"
"PCN",1161110.74700104,1161110.74700104,"Zinc"
"GRC",104374753.358663,904669803.850886,"Zinc"
"ISR",0,46914696.6082398,"Zinc"
"ABW",0,6616562.44403224,"Zinc"
"AIA",0,18001930.2874292,"Zinc"
"VCT",0,16220429.921147,"Zinc"
"BRN",0,355227678.848881,"Zinc"
"KWT",0,119332171.055747,"Zinc"
"UMI",68211397.5618318,145471688.388917,"Zinc"
"HND",71307580.7116965,253797318.233914,"Zinc"
"GNQ",0,164273305.183379,"Zinc"
"BMU",0,6540630.64143899,"Zinc"
"KNA",0,11714402.9572393,"Zinc"
"ATG",0,60995666.005884,"Zinc"
"LTU",6032495.30825646,118983136.908803,"Zinc"
"TZA",122223138.142633,633259562.962892,"Zinc"
"GNB",40341602.8748692,5906166756.92291,"Zinc"
"NGA",0,2860416937.43305,"Zinc"
"LVA",100987570.436401,471471432.139203,"Zinc"
"GUY",0,325831528.175185,"Zinc"
"KAZ",0,0,"Zinc"
"CHN",782960373.242751,68605056238.4989,"Zinc"
"BEL",24530912.131505,57636393.6082689,"Zinc"
"GIN",164972246.694341,4613617548.79323,"Zinc"
"KHM",0,4160272642.42755,"Zinc"
"GAB",204160593.7269,661266512.009529,"Zinc"
"REU",0,4056962.87920713,"Zinc"
"GUF",0,52587645.5406089,"Zinc"
"MTQ",41199461.7084421,41199461.7084421,"Zinc"
"SHN",5427038.11482147,10519505.4802371,"Zinc"
"AZE",0,0,"Zinc"
"NAM",147819418.323997,2885464056.91056,"Zinc"
"TUR",0,2720180713.87643,"Zinc"
"BRB",0,23466292.8026022,"Zinc"
"CCK",0,145828.60355401,"Zinc"
"GLP",43171884.8944666,43171884.8944666,"Zinc"
"SLV",0,92277172.89236,"Zinc"
"CPV",0,358883666.947021,"Zinc"
"COG",215763734.810011,531135806.392795,"Zinc"
"MCO",0,0,"Zinc"
"HMD",236651.927533143,9848813.60666186,"Zinc"
"BGD",1274365043.30384,6366620535.44735,"Zinc"
"BLM",3463744.92653289,3463744.92653289,"Zinc"
"TKM",0,0,"Zinc"
"SLB",0,473190465.369872,"Zinc"
"MAF",0,0,"Zinc"
"SVN",0,0,"Zinc"
"SLE",159494542.061945,2226675129.83266,"Zinc"
"MNP",215398.753981341,2721605.95858689,"Zinc"
"KIR",898292714.850665,3225015437.5827,"Zinc"
"COM",0,22475066.2909236,"Zinc"
"GUM",1788.48230869867,486670.871503669,"Zinc"
"JEY",0,0,"Zinc"
"SXM",0,0,"Zinc"
"ATF",19375107.2577741,635582041.196402,"Zinc"
"TLS",0,51955785.553289,"Zinc"
"MYT",25019867.8017253,25019867.8017253,"Zinc"
"SPM",0,147759369.931606,"Zinc"
"ASM",2070116.76982295,37575900.6952694,"Zinc"
"URY",9233422.31052846,634059268.858226,"Zinc"
"LBN",0,17187671.0872373,"Zinc"
"MHL",0,625547446.674441,"Zinc"
"GGY",0,19601360.2443679,"Zinc"
"DZA",0,1403227108.60532,"Zinc"
"STP",0,114653698.512126,"Zinc"
"YEM",0,3196616221.50768,"Zinc"
"COD",0,9348101.2042744,"Zinc"
"CYP",7432369.56846065,111522903.73782,"Zinc"
"ARE",8429743.70025456,357179965.914962,"Zinc"
"LBR",8383413.25991158,450600231.667537,"Zinc"
"SGS",845712384.817849,845712386.981622,"Zinc"
"TUV",0,382497737.617293,"Zinc"
"FRO",0,1627768287.40383,"Zinc"
"DJI",0,52480236.8401381,"Zinc"
"MDV",0,94057665.8009331,"Zinc"
"SDN",694106.659766514,81586496.7471336,"Zinc"
"IMN",21313099.8774327,45923717.5527303,"Zinc"
"HTI",0,71131736.5335166,"Zinc"
"QAT",0,84752761.0369518,"Zinc"
"ERI",8449150.42195379,104615408.678434,"Zinc"
"MNE",0,25918636.5687884,"Zinc"
